,Models,Precision,Recall,F1-Score,Accuracy
0,KNN_SCALEDKNN_SCALEDKNN_SCALEDKNN_SCALEDKNN_SCALEDKNN_SCALEDKNN_SCALEDKNN_SCALEDKNN_SCALEDKNN_SCALEDKNN_SCALEDKNN_SCALEDKNN_SCALEDKNN_SCALEDKNN_SCALEDKNN_SCALEDKNN_SCALEDKNN_SCALEDKNN_SCALEDKNN_SCALEDKNN_SCALEDKNN_SCALEDKNN_SCALEDKNN_SCALEDKNN_SCALEDKNN_SCALEDKNN_SCALEDKNN_SCALEDKNN_SCALEDKNN_SCALEDKNN_SCALEDKNN_SCALEDKNN_SCALEDKNN_SCALEDKNN_SCALEDKNN_SCALEDKNN_SCALEDKNN_SCALEDKNN_SCALEDKNN_SCALEDKNN_SCALEDKNN_SCALEDKNN_SCALEDKNN_SCALEDKNN_SCALEDKNN_SCALEDKNN_SCALEDKNN_SCALEDKNN_SCALEDKNN_SCALEDKNN_SCALEDKNN_SCALEDKNN_SCALEDKNN_SCALEDKNN_SCALEDKNN_SCALEDKNN_SCALEDKNN_SCALEDKNN_SCALEDKNN_SCALEDKNN_SCALEDKNN_SCALEDKNN_SCALEDKNN_SCALEDKNN_SCALEDKNN_SCALEDKNN_SCALEDKNN_SCALEDKNN_SCALEDKNN_SCALEDKNN_SCALEDKNN_SCALEDKNN_SCALEDKNN_SCALEDKNN_SCALEDKNN_SCALEDKNN_SCALEDKNN_SCALEDKNN_SCALEDKNN_SCALEDKNN_SCALEDKNN_SCALEDKNN_SCALEDKNN_SCALEDKNN_SCALEDKNN_SCALEDKNN_SCALEDKNN_SCALEDKNN_SCALEDKNN_SCALEDKNN_SCALEDKNN_SCALEDKNN_SCALEDKNN_SCALEDKNN_SCALEDKNN_SCALEDKNN_SCALEDKNN_SCALEDKNN_SCALEDKNN_SCALED,79.6821008984105,87.21633888048412,83.27916215240158,97.685
1,KNNKNNKNNKNNKNNKNNKNNKNNKNNKNNKNNKNNKNNKNNKNNKNNKNNKNNKNNKNNKNNKNNKNNKNNKNNKNNKNNKNNKNNKNNKNNKNNKNNKNNKNNKNNKNNKNNKNNKNNKNNKNNKNNKNNKNNKNNKNNKNNKNNKNNKNNKNNKNNKNNKNNKNNKNNKNNKNNKNNKNNKNNKNNKNNKNNKNNKNNKNNKNNKNNKNNKNNKNNKNNKNNKNNKNNKNNKNNKNNKNNKNNKNNKNNKNNKNNKNNKNNKNNKNNKNNKNNKNNKNNKNNKNNKNNKNNKNNKNN,39.59059233449477,68.75945537065053,50.24875621890546,91.0
2,DECISIONTREEDECISIONTREEDECISIONTREEDECISIONTREEDECISIONTREEDECISIONTREEDECISIONTREEDECISIONTREEDECISIONTREEDECISIONTREEDECISIONTREEDECISIONTREEDECISIONTREEDECISIONTREEDECISIONTREEDECISIONTREEDECISIONTREEDECISIONTREEDECISIONTREEDECISIONTREEDECISIONTREEDECISIONTREEDECISIONTREEDECISIONTREEDECISIONTREEDECISIONTREEDECISIONTREEDECISIONTREEDECISIONTREEDECISIONTREEDECISIONTREEDECISIONTREEDECISIONTREEDECISIONTREEDECISIONTREEDECISIONTREEDECISIONTREEDECISIONTREEDECISIONTREEDECISIONTREEDECISIONTREEDECISIONTREEDECISIONTREEDECISIONTREEDECISIONTREEDECISIONTREEDECISIONTREEDECISIONTREEDECISIONTREEDECISIONTREEDECISIONTREEDECISIONTREEDECISIONTREEDECISIONTREEDECISIONTREEDECISIONTREEDECISIONTREEDECISIONTREEDECISIONTREEDECISIONTREEDECISIONTREEDECISIONTREEDECISIONTREEDECISIONTREEDECISIONTREEDECISIONTREEDECISIONTREEDECISIONTREEDECISIONTREEDECISIONTREEDECISIONTREEDECISIONTREEDECISIONTREEDECISIONTREEDECISIONTREEDECISIONTREEDECISIONTREEDECISIONTREEDECISIONTREEDECISIONTREEDECISIONTREEDECISIONTREEDECISIONTREEDECISIONTREEDECISIONTREEDECISIONTREEDECISIONTREEDECISIONTREEDECISIONTREEDECISIONTREEDECISIONTREEDECISIONTREEDECISIONTREEDECISIONTREEDECISIONTREEDECISIONTREEDECISIONTREEDECISIONTREEDECISIONTREEDECISIONTREE,72.83311772315653,85.17397881996975,78.52161785216178,96.92
3,RFRFRFRFRFRFRFRFRFRFRFRFRFRFRFRFRFRFRFRFRFRFRFRFRFRFRFRFRFRFRFRFRFRFRFRFRFRFRFRFRFRFRFRFRFRFRFRFRFRFRFRFRFRFRFRFRFRFRFRFRFRFRFRFRFRFRFRFRFRFRFRFRFRFRFRFRFRFRFRFRFRFRFRFRFRFRFRFRFRFRFRFRFRFRFRFRFRFRFRF,86.60578386605783,86.08169440242057,86.34294385432474,98.2
4,MLP_SCALEDMLP_SCALEDMLP_SCALEDMLP_SCALEDMLP_SCALEDMLP_SCALEDMLP_SCALEDMLP_SCALEDMLP_SCALEDMLP_SCALEDMLP_SCALEDMLP_SCALEDMLP_SCALEDMLP_SCALEDMLP_SCALEDMLP_SCALEDMLP_SCALEDMLP_SCALEDMLP_SCALEDMLP_SCALEDMLP_SCALEDMLP_SCALEDMLP_SCALEDMLP_SCALEDMLP_SCALEDMLP_SCALEDMLP_SCALEDMLP_SCALEDMLP_SCALEDMLP_SCALEDMLP_SCALEDMLP_SCALEDMLP_SCALEDMLP_SCALEDMLP_SCALEDMLP_SCALEDMLP_SCALEDMLP_SCALEDMLP_SCALEDMLP_SCALEDMLP_SCALEDMLP_SCALEDMLP_SCALEDMLP_SCALEDMLP_SCALEDMLP_SCALEDMLP_SCALEDMLP_SCALEDMLP_SCALEDMLP_SCALEDMLP_SCALEDMLP_SCALEDMLP_SCALEDMLP_SCALEDMLP_SCALEDMLP_SCALEDMLP_SCALEDMLP_SCALEDMLP_SCALEDMLP_SCALEDMLP_SCALEDMLP_SCALEDMLP_SCALEDMLP_SCALEDMLP_SCALEDMLP_SCALEDMLP_SCALEDMLP_SCALEDMLP_SCALEDMLP_SCALEDMLP_SCALEDMLP_SCALEDMLP_SCALEDMLP_SCALEDMLP_SCALEDMLP_SCALEDMLP_SCALEDMLP_SCALEDMLP_SCALEDMLP_SCALEDMLP_SCALEDMLP_SCALEDMLP_SCALEDMLP_SCALEDMLP_SCALEDMLP_SCALEDMLP_SCALEDMLP_SCALEDMLP_SCALEDMLP_SCALEDMLP_SCALEDMLP_SCALEDMLP_SCALEDMLP_SCALEDMLP_SCALEDMLP_SCALEDMLP_SCALEDMLP_SCALEDMLP_SCALEDMLP_SCALED,89.94787788533135,91.37670196671709,90.65666041275797,98.75500000000001
5,MLPMLPMLPMLPMLPMLPMLPMLPMLPMLPMLPMLPMLPMLPMLPMLPMLPMLPMLPMLPMLPMLPMLPMLPMLPMLPMLPMLPMLPMLPMLPMLPMLPMLPMLPMLPMLPMLPMLPMLPMLPMLPMLPMLPMLPMLPMLPMLPMLPMLPMLPMLPMLPMLPMLPMLPMLPMLPMLPMLPMLPMLPMLPMLPMLPMLPMLPMLPMLPMLPMLPMLPMLPMLPMLPMLPMLPMLPMLPMLPMLPMLPMLPMLPMLPMLPMLPMLPMLPMLPMLPMLPMLPMLPMLPMLPMLPMLPMLPMLP,31.448234590065827,79.50075642965204,45.068610634648365,87.19
6,ADABOOST_SCALEDADABOOST_SCALEDADABOOST_SCALEDADABOOST_SCALEDADABOOST_SCALEDADABOOST_SCALEDADABOOST_SCALEDADABOOST_SCALEDADABOOST_SCALEDADABOOST_SCALEDADABOOST_SCALEDADABOOST_SCALEDADABOOST_SCALEDADABOOST_SCALEDADABOOST_SCALEDADABOOST_SCALEDADABOOST_SCALEDADABOOST_SCALEDADABOOST_SCALEDADABOOST_SCALEDADABOOST_SCALEDADABOOST_SCALEDADABOOST_SCALEDADABOOST_SCALEDADABOOST_SCALEDADABOOST_SCALEDADABOOST_SCALEDADABOOST_SCALEDADABOOST_SCALEDADABOOST_SCALEDADABOOST_SCALEDADABOOST_SCALEDADABOOST_SCALEDADABOOST_SCALEDADABOOST_SCALEDADABOOST_SCALEDADABOOST_SCALEDADABOOST_SCALEDADABOOST_SCALEDADABOOST_SCALEDADABOOST_SCALEDADABOOST_SCALEDADABOOST_SCALEDADABOOST_SCALEDADABOOST_SCALEDADABOOST_SCALEDADABOOST_SCALEDADABOOST_SCALEDADABOOST_SCALEDADABOOST_SCALEDADABOOST_SCALEDADABOOST_SCALEDADABOOST_SCALEDADABOOST_SCALEDADABOOST_SCALEDADABOOST_SCALEDADABOOST_SCALEDADABOOST_SCALEDADABOOST_SCALEDADABOOST_SCALEDADABOOST_SCALEDADABOOST_SCALEDADABOOST_SCALEDADABOOST_SCALEDADABOOST_SCALEDADABOOST_SCALEDADABOOST_SCALEDADABOOST_SCALEDADABOOST_SCALEDADABOOST_SCALEDADABOOST_SCALEDADABOOST_SCALEDADABOOST_SCALEDADABOOST_SCALEDADABOOST_SCALEDADABOOST_SCALEDADABOOST_SCALEDADABOOST_SCALEDADABOOST_SCALEDADABOOST_SCALEDADABOOST_SCALEDADABOOST_SCALEDADABOOST_SCALEDADABOOST_SCALEDADABOOST_SCALEDADABOOST_SCALEDADABOOST_SCALEDADABOOST_SCALEDADABOOST_SCALEDADABOOST_SCALEDADABOOST_SCALEDADABOOST_SCALEDADABOOST_SCALEDADABOOST_SCALEDADABOOST_SCALEDADABOOST_SCALEDADABOOST_SCALEDADABOOST_SCALEDADABOOST_SCALEDADABOOST_SCALED,49.906191369606,80.48411497730712,61.609727851766074,93.37
7,ADABOOSTADABOOSTADABOOSTADABOOSTADABOOSTADABOOSTADABOOSTADABOOSTADABOOSTADABOOSTADABOOSTADABOOSTADABOOSTADABOOSTADABOOSTADABOOSTADABOOSTADABOOSTADABOOSTADABOOSTADABOOSTADABOOSTADABOOSTADABOOSTADABOOSTADABOOSTADABOOSTADABOOSTADABOOSTADABOOSTADABOOSTADABOOSTADABOOSTADABOOSTADABOOSTADABOOSTADABOOSTADABOOSTADABOOSTADABOOSTADABOOSTADABOOSTADABOOSTADABOOSTADABOOSTADABOOSTADABOOSTADABOOSTADABOOSTADABOOSTADABOOSTADABOOSTADABOOSTADABOOSTADABOOSTADABOOSTADABOOSTADABOOSTADABOOSTADABOOSTADABOOSTADABOOSTADABOOSTADABOOSTADABOOSTADABOOSTADABOOSTADABOOSTADABOOSTADABOOSTADABOOSTADABOOSTADABOOSTADABOOSTADABOOSTADABOOSTADABOOSTADABOOSTADABOOSTADABOOSTADABOOSTADABOOSTADABOOSTADABOOSTADABOOSTADABOOSTADABOOSTADABOOSTADABOOSTADABOOSTADABOOSTADABOOSTADABOOSTADABOOSTADABOOSTADABOOSTADABOOSTADABOOSTADABOOSTADABOOST,49.906191369606,80.48411497730712,61.609727851766074,93.37
8,GRADIENTBOOSTING_SCALEDGRADIENTBOOSTING_SCALEDGRADIENTBOOSTING_SCALEDGRADIENTBOOSTING_SCALEDGRADIENTBOOSTING_SCALEDGRADIENTBOOSTING_SCALEDGRADIENTBOOSTING_SCALEDGRADIENTBOOSTING_SCALEDGRADIENTBOOSTING_SCALEDGRADIENTBOOSTING_SCALEDGRADIENTBOOSTING_SCALEDGRADIENTBOOSTING_SCALEDGRADIENTBOOSTING_SCALEDGRADIENTBOOSTING_SCALEDGRADIENTBOOSTING_SCALEDGRADIENTBOOSTING_SCALEDGRADIENTBOOSTING_SCALEDGRADIENTBOOSTING_SCALEDGRADIENTBOOSTING_SCALEDGRADIENTBOOSTING_SCALEDGRADIENTBOOSTING_SCALEDGRADIENTBOOSTING_SCALEDGRADIENTBOOSTING_SCALEDGRADIENTBOOSTING_SCALEDGRADIENTBOOSTING_SCALEDGRADIENTBOOSTING_SCALEDGRADIENTBOOSTING_SCALEDGRADIENTBOOSTING_SCALEDGRADIENTBOOSTING_SCALEDGRADIENTBOOSTING_SCALEDGRADIENTBOOSTING_SCALEDGRADIENTBOOSTING_SCALEDGRADIENTBOOSTING_SCALEDGRADIENTBOOSTING_SCALEDGRADIENTBOOSTING_SCALEDGRADIENTBOOSTING_SCALEDGRADIENTBOOSTING_SCALEDGRADIENTBOOSTING_SCALEDGRADIENTBOOSTING_SCALEDGRADIENTBOOSTING_SCALEDGRADIENTBOOSTING_SCALEDGRADIENTBOOSTING_SCALEDGRADIENTBOOSTING_SCALEDGRADIENTBOOSTING_SCALEDGRADIENTBOOSTING_SCALEDGRADIENTBOOSTING_SCALEDGRADIENTBOOSTING_SCALEDGRADIENTBOOSTING_SCALEDGRADIENTBOOSTING_SCALEDGRADIENTBOOSTING_SCALEDGRADIENTBOOSTING_SCALEDGRADIENTBOOSTING_SCALEDGRADIENTBOOSTING_SCALEDGRADIENTBOOSTING_SCALEDGRADIENTBOOSTING_SCALEDGRADIENTBOOSTING_SCALEDGRADIENTBOOSTING_SCALEDGRADIENTBOOSTING_SCALEDGRADIENTBOOSTING_SCALEDGRADIENTBOOSTING_SCALEDGRADIENTBOOSTING_SCALEDGRADIENTBOOSTING_SCALEDGRADIENTBOOSTING_SCALEDGRADIENTBOOSTING_SCALEDGRADIENTBOOSTING_SCALEDGRADIENTBOOSTING_SCALEDGRADIENTBOOSTING_SCALEDGRADIENTBOOSTING_SCALEDGRADIENTBOOSTING_SCALEDGRADIENTBOOSTING_SCALEDGRADIENTBOOSTING_SCALEDGRADIENTBOOSTING_SCALEDGRADIENTBOOSTING_SCALEDGRADIENTBOOSTING_SCALEDGRADIENTBOOSTING_SCALEDGRADIENTBOOSTING_SCALEDGRADIENTBOOSTING_SCALEDGRADIENTBOOSTING_SCALEDGRADIENTBOOSTING_SCALEDGRADIENTBOOSTING_SCALEDGRADIENTBOOSTING_SCALEDGRADIENTBOOSTING_SCALEDGRADIENTBOOSTING_SCALEDGRADIENTBOOSTING_SCALEDGRADIENTBOOSTING_SCALEDGRADIENTBOOSTING_SCALEDGRADIENTBOOSTING_SCALEDGRADIENTBOOSTING_SCALEDGRADIENTBOOSTING_SCALEDGRADIENTBOOSTING_SCALEDGRADIENTBOOSTING_SCALEDGRADIENTBOOSTING_SCALEDGRADIENTBOOSTING_SCALEDGRADIENTBOOSTING_SCALEDGRADIENTBOOSTING_SCALEDGRADIENTBOOSTING_SCALEDGRADIENTBOOSTING_SCALEDGRADIENTBOOSTING_SCALEDGRADIENTBOOSTING_SCALEDGRADIENTBOOSTING_SCALED,71.94106342088405,84.94704992435703,77.90496011099549,96.815
9,GRADIENTBOOSTINGGRADIENTBOOSTINGGRADIENTBOOSTINGGRADIENTBOOSTINGGRADIENTBOOSTINGGRADIENTBOOSTINGGRADIENTBOOSTINGGRADIENTBOOSTINGGRADIENTBOOSTINGGRADIENTBOOSTINGGRADIENTBOOSTINGGRADIENTBOOSTINGGRADIENTBOOSTINGGRADIENTBOOSTINGGRADIENTBOOSTINGGRADIENTBOOSTINGGRADIENTBOOSTINGGRADIENTBOOSTINGGRADIENTBOOSTINGGRADIENTBOOSTINGGRADIENTBOOSTINGGRADIENTBOOSTINGGRADIENTBOOSTINGGRADIENTBOOSTINGGRADIENTBOOSTINGGRADIENTBOOSTINGGRADIENTBOOSTINGGRADIENTBOOSTINGGRADIENTBOOSTINGGRADIENTBOOSTINGGRADIENTBOOSTINGGRADIENTBOOSTINGGRADIENTBOOSTINGGRADIENTBOOSTINGGRADIENTBOOSTINGGRADIENTBOOSTINGGRADIENTBOOSTINGGRADIENTBOOSTINGGRADIENTBOOSTINGGRADIENTBOOSTINGGRADIENTBOOSTINGGRADIENTBOOSTINGGRADIENTBOOSTINGGRADIENTBOOSTINGGRADIENTBOOSTINGGRADIENTBOOSTINGGRADIENTBOOSTINGGRADIENTBOOSTINGGRADIENTBOOSTINGGRADIENTBOOSTINGGRADIENTBOOSTINGGRADIENTBOOSTINGGRADIENTBOOSTINGGRADIENTBOOSTINGGRADIENTBOOSTINGGRADIENTBOOSTINGGRADIENTBOOSTINGGRADIENTBOOSTINGGRADIENTBOOSTINGGRADIENTBOOSTINGGRADIENTBOOSTINGGRADIENTBOOSTINGGRADIENTBOOSTINGGRADIENTBOOSTINGGRADIENTBOOSTINGGRADIENTBOOSTINGGRADIENTBOOSTINGGRADIENTBOOSTINGGRADIENTBOOSTINGGRADIENTBOOSTINGGRADIENTBOOSTINGGRADIENTBOOSTINGGRADIENTBOOSTINGGRADIENTBOOSTINGGRADIENTBOOSTINGGRADIENTBOOSTINGGRADIENTBOOSTINGGRADIENTBOOSTINGGRADIENTBOOSTINGGRADIENTBOOSTINGGRADIENTBOOSTINGGRADIENTBOOSTINGGRADIENTBOOSTINGGRADIENTBOOSTINGGRADIENTBOOSTINGGRADIENTBOOSTINGGRADIENTBOOSTINGGRADIENTBOOSTINGGRADIENTBOOSTINGGRADIENTBOOSTINGGRADIENTBOOSTINGGRADIENTBOOSTINGGRADIENTBOOSTINGGRADIENTBOOSTINGGRADIENTBOOSTINGGRADIENTBOOSTINGGRADIENTBOOSTINGGRADIENTBOOSTINGGRADIENTBOOSTINGGRADIENTBOOSTING,71.94106342088405,84.94704992435703,77.90496011099549,96.815
10,SGD_SCALEDSGD_SCALEDSGD_SCALEDSGD_SCALEDSGD_SCALEDSGD_SCALEDSGD_SCALEDSGD_SCALEDSGD_SCALEDSGD_SCALEDSGD_SCALEDSGD_SCALEDSGD_SCALEDSGD_SCALEDSGD_SCALEDSGD_SCALEDSGD_SCALEDSGD_SCALEDSGD_SCALEDSGD_SCALEDSGD_SCALEDSGD_SCALEDSGD_SCALEDSGD_SCALEDSGD_SCALEDSGD_SCALEDSGD_SCALEDSGD_SCALEDSGD_SCALEDSGD_SCALEDSGD_SCALEDSGD_SCALEDSGD_SCALEDSGD_SCALEDSGD_SCALEDSGD_SCALEDSGD_SCALEDSGD_SCALEDSGD_SCALEDSGD_SCALEDSGD_SCALEDSGD_SCALEDSGD_SCALEDSGD_SCALEDSGD_SCALEDSGD_SCALEDSGD_SCALEDSGD_SCALEDSGD_SCALEDSGD_SCALEDSGD_SCALEDSGD_SCALEDSGD_SCALEDSGD_SCALEDSGD_SCALEDSGD_SCALEDSGD_SCALEDSGD_SCALEDSGD_SCALEDSGD_SCALEDSGD_SCALEDSGD_SCALEDSGD_SCALEDSGD_SCALEDSGD_SCALEDSGD_SCALEDSGD_SCALEDSGD_SCALEDSGD_SCALEDSGD_SCALEDSGD_SCALEDSGD_SCALEDSGD_SCALEDSGD_SCALEDSGD_SCALEDSGD_SCALEDSGD_SCALEDSGD_SCALEDSGD_SCALEDSGD_SCALEDSGD_SCALEDSGD_SCALEDSGD_SCALEDSGD_SCALEDSGD_SCALEDSGD_SCALEDSGD_SCALEDSGD_SCALEDSGD_SCALEDSGD_SCALEDSGD_SCALEDSGD_SCALEDSGD_SCALEDSGD_SCALEDSGD_SCALEDSGD_SCALEDSGD_SCALEDSGD_SCALEDSGD_SCALEDSGD_SCALED,33.82691674893057,77.76096822995461,47.14515019490942,88.47500000000001
11,SGDSGDSGDSGDSGDSGDSGDSGDSGDSGDSGDSGDSGDSGDSGDSGDSGDSGDSGDSGDSGDSGDSGDSGDSGDSGDSGDSGDSGDSGDSGDSGDSGDSGDSGDSGDSGDSGDSGDSGDSGDSGDSGDSGDSGDSGDSGDSGDSGDSGDSGDSGDSGDSGDSGDSGDSGDSGDSGDSGDSGDSGDSGDSGDSGDSGDSGDSGDSGDSGDSGDSGDSGDSGDSGDSGDSGDSGDSGDSGDSGDSGDSGDSGDSGDSGDSGDSGDSGDSGDSGDSGDSGDSGDSGDSGDSGDSGDSGDSGD,23.763050385837495,79.19818456883509,36.557262569832396,81.83
12,GaussianNBGaussianNBGaussianNBGaussianNBGaussianNBGaussianNBGaussianNBGaussianNBGaussianNBGaussianNBGaussianNBGaussianNBGaussianNBGaussianNBGaussianNBGaussianNBGaussianNBGaussianNBGaussianNBGaussianNBGaussianNBGaussianNBGaussianNBGaussianNBGaussianNBGaussianNBGaussianNBGaussianNBGaussianNBGaussianNBGaussianNBGaussianNBGaussianNBGaussianNBGaussianNBGaussianNBGaussianNBGaussianNBGaussianNBGaussianNBGaussianNBGaussianNBGaussianNBGaussianNBGaussianNBGaussianNBGaussianNBGaussianNBGaussianNBGaussianNBGaussianNBGaussianNBGaussianNBGaussianNBGaussianNBGaussianNBGaussianNBGaussianNBGaussianNBGaussianNBGaussianNBGaussianNBGaussianNBGaussianNBGaussianNBGaussianNBGaussianNBGaussianNBGaussianNBGaussianNBGaussianNBGaussianNBGaussianNBGaussianNBGaussianNBGaussianNBGaussianNBGaussianNBGaussianNBGaussianNBGaussianNBGaussianNBGaussianNBGaussianNBGaussianNBGaussianNBGaussianNBGaussianNBGaussianNBGaussianNBGaussianNBGaussianNBGaussianNBGaussianNBGaussianNBGaussianNBGaussianNBGaussianNBGaussianNBGaussianNB,40.91089108910891,78.13918305597579,53.70418507928255,91.095
13,BernoulliNBBernoulliNBBernoulliNBBernoulliNBBernoulliNBBernoulliNBBernoulliNBBernoulliNBBernoulliNBBernoulliNBBernoulliNBBernoulliNBBernoulliNBBernoulliNBBernoulliNBBernoulliNBBernoulliNBBernoulliNBBernoulliNBBernoulliNBBernoulliNBBernoulliNBBernoulliNBBernoulliNBBernoulliNBBernoulliNBBernoulliNBBernoulliNBBernoulliNBBernoulliNBBernoulliNBBernoulliNBBernoulliNBBernoulliNBBernoulliNBBernoulliNBBernoulliNBBernoulliNBBernoulliNBBernoulliNBBernoulliNBBernoulliNBBernoulliNBBernoulliNBBernoulliNBBernoulliNBBernoulliNBBernoulliNBBernoulliNBBernoulliNBBernoulliNBBernoulliNBBernoulliNBBernoulliNBBernoulliNBBernoulliNBBernoulliNBBernoulliNBBernoulliNBBernoulliNBBernoulliNBBernoulliNBBernoulliNBBernoulliNBBernoulliNBBernoulliNBBernoulliNBBernoulliNBBernoulliNBBernoulliNBBernoulliNBBernoulliNBBernoulliNBBernoulliNBBernoulliNBBernoulliNBBernoulliNBBernoulliNBBernoulliNBBernoulliNBBernoulliNBBernoulliNBBernoulliNBBernoulliNBBernoulliNBBernoulliNBBernoulliNBBernoulliNBBernoulliNBBernoulliNBBernoulliNBBernoulliNBBernoulliNBBernoulliNBBernoulliNBBernoulliNBBernoulliNBBernoulliNBBernoulliNBBernoulliNB,8.400843413605594,57.261724659606664,14.652085551146813,55.905
14,LDA_SCALEDLDA_SCALEDLDA_SCALEDLDA_SCALEDLDA_SCALEDLDA_SCALEDLDA_SCALEDLDA_SCALEDLDA_SCALEDLDA_SCALEDLDA_SCALEDLDA_SCALEDLDA_SCALEDLDA_SCALEDLDA_SCALEDLDA_SCALEDLDA_SCALEDLDA_SCALEDLDA_SCALEDLDA_SCALEDLDA_SCALEDLDA_SCALEDLDA_SCALEDLDA_SCALEDLDA_SCALEDLDA_SCALEDLDA_SCALEDLDA_SCALEDLDA_SCALEDLDA_SCALEDLDA_SCALEDLDA_SCALEDLDA_SCALEDLDA_SCALEDLDA_SCALEDLDA_SCALEDLDA_SCALEDLDA_SCALEDLDA_SCALEDLDA_SCALEDLDA_SCALEDLDA_SCALEDLDA_SCALEDLDA_SCALEDLDA_SCALEDLDA_SCALEDLDA_SCALEDLDA_SCALEDLDA_SCALEDLDA_SCALEDLDA_SCALEDLDA_SCALEDLDA_SCALEDLDA_SCALEDLDA_SCALEDLDA_SCALEDLDA_SCALEDLDA_SCALEDLDA_SCALEDLDA_SCALEDLDA_SCALEDLDA_SCALEDLDA_SCALEDLDA_SCALEDLDA_SCALEDLDA_SCALEDLDA_SCALEDLDA_SCALEDLDA_SCALEDLDA_SCALEDLDA_SCALEDLDA_SCALEDLDA_SCALEDLDA_SCALEDLDA_SCALEDLDA_SCALEDLDA_SCALEDLDA_SCALEDLDA_SCALEDLDA_SCALEDLDA_SCALEDLDA_SCALEDLDA_SCALEDLDA_SCALEDLDA_SCALEDLDA_SCALEDLDA_SCALEDLDA_SCALEDLDA_SCALEDLDA_SCALEDLDA_SCALEDLDA_SCALEDLDA_SCALEDLDA_SCALEDLDA_SCALEDLDA_SCALEDLDA_SCALEDLDA_SCALEDLDA_SCALEDLDA_SCALED,40.803108808290155,71.48260211800303,51.9516217702034,91.25999999999999
15,LDALDALDALDALDALDALDALDALDALDALDALDALDALDALDALDALDALDALDALDALDALDALDALDALDALDALDALDALDALDALDALDALDALDALDALDALDALDALDALDALDALDALDALDALDALDALDALDALDALDALDALDALDALDALDALDALDALDALDALDALDALDALDALDALDALDALDALDALDALDALDALDALDALDALDALDALDALDALDALDALDALDALDALDALDALDALDALDALDALDALDALDALDALDALDALDALDALDALDALDA,40.803108808290155,71.48260211800303,51.9516217702034,91.25999999999999
16,SVM_SCALEDSVM_SCALEDSVM_SCALEDSVM_SCALEDSVM_SCALEDSVM_SCALEDSVM_SCALEDSVM_SCALEDSVM_SCALEDSVM_SCALEDSVM_SCALEDSVM_SCALEDSVM_SCALEDSVM_SCALEDSVM_SCALEDSVM_SCALEDSVM_SCALEDSVM_SCALEDSVM_SCALEDSVM_SCALEDSVM_SCALEDSVM_SCALEDSVM_SCALEDSVM_SCALEDSVM_SCALEDSVM_SCALEDSVM_SCALEDSVM_SCALEDSVM_SCALEDSVM_SCALEDSVM_SCALEDSVM_SCALEDSVM_SCALEDSVM_SCALEDSVM_SCALEDSVM_SCALEDSVM_SCALEDSVM_SCALEDSVM_SCALEDSVM_SCALEDSVM_SCALEDSVM_SCALEDSVM_SCALEDSVM_SCALEDSVM_SCALEDSVM_SCALEDSVM_SCALEDSVM_SCALEDSVM_SCALEDSVM_SCALEDSVM_SCALEDSVM_SCALEDSVM_SCALEDSVM_SCALEDSVM_SCALEDSVM_SCALEDSVM_SCALEDSVM_SCALEDSVM_SCALEDSVM_SCALEDSVM_SCALEDSVM_SCALEDSVM_SCALEDSVM_SCALEDSVM_SCALEDSVM_SCALEDSVM_SCALEDSVM_SCALEDSVM_SCALEDSVM_SCALEDSVM_SCALEDSVM_SCALEDSVM_SCALEDSVM_SCALEDSVM_SCALEDSVM_SCALEDSVM_SCALEDSVM_SCALEDSVM_SCALEDSVM_SCALEDSVM_SCALEDSVM_SCALEDSVM_SCALEDSVM_SCALEDSVM_SCALEDSVM_SCALEDSVM_SCALEDSVM_SCALEDSVM_SCALEDSVM_SCALEDSVM_SCALEDSVM_SCALEDSVM_SCALEDSVM_SCALEDSVM_SCALEDSVM_SCALEDSVM_SCALEDSVM_SCALEDSVM_SCALEDSVM_SCALED,88.10606060606061,87.97276853252647,88.03936411809237,98.42
17,SVMSVMSVMSVMSVMSVMSVMSVMSVMSVMSVMSVMSVMSVMSVMSVMSVMSVMSVMSVMSVMSVMSVMSVMSVMSVMSVMSVMSVMSVMSVMSVMSVMSVMSVMSVMSVMSVMSVMSVMSVMSVMSVMSVMSVMSVMSVMSVMSVMSVMSVMSVMSVMSVMSVMSVMSVMSVMSVMSVMSVMSVMSVMSVMSVMSVMSVMSVMSVMSVMSVMSVMSVMSVMSVMSVMSVMSVMSVMSVMSVMSVMSVMSVMSVMSVMSVMSVMSVMSVMSVMSVMSVMSVMSVMSVMSVMSVMSVMSVM,88.00599700149925,88.80484114977307,88.40361445783132,98.46000000000001
18,ExtraTreesExtraTreesExtraTreesExtraTreesExtraTreesExtraTreesExtraTreesExtraTreesExtraTreesExtraTreesExtraTreesExtraTreesExtraTreesExtraTreesExtraTreesExtraTreesExtraTreesExtraTreesExtraTreesExtraTreesExtraTreesExtraTreesExtraTreesExtraTreesExtraTreesExtraTreesExtraTreesExtraTreesExtraTreesExtraTreesExtraTreesExtraTreesExtraTreesExtraTreesExtraTreesExtraTreesExtraTreesExtraTreesExtraTreesExtraTreesExtraTreesExtraTreesExtraTreesExtraTreesExtraTreesExtraTreesExtraTreesExtraTreesExtraTreesExtraTreesExtraTreesExtraTreesExtraTreesExtraTreesExtraTreesExtraTreesExtraTreesExtraTreesExtraTreesExtraTreesExtraTreesExtraTreesExtraTreesExtraTreesExtraTreesExtraTreesExtraTreesExtraTreesExtraTreesExtraTreesExtraTreesExtraTreesExtraTreesExtraTreesExtraTreesExtraTreesExtraTreesExtraTreesExtraTreesExtraTreesExtraTreesExtraTreesExtraTreesExtraTreesExtraTreesExtraTreesExtraTreesExtraTreesExtraTreesExtraTreesExtraTreesExtraTreesExtraTreesExtraTreesExtraTreesExtraTreesExtraTreesExtraTreesExtraTreesExtraTrees,89.53211736716892,85.40090771558245,87.41773132017035,98.375
